playerid,Name,z_runs,z_hr,z_rbi,z_sb,z_k,z_avg,z_ops,final_z_sum
10047,Wil Myers,0.4376731075617579,1.414615682219638,1.2089492050895965,-0.3014634520747607,0.5101518799603323,0.7185090414774682,1.4799661602651089,4.448097864578476
10071,Jonathan Villar,-1.7357350862588152,-1.0575422614429204,-1.632228510848908,2.0109373653068823,0.31737549223582395,-0.693802743457623,-1.2690218288247745,-4.694768557761982
10155,Mike Trout,1.3692514135925662,1.8812252684570099,1.8637646677318955,-0.5673504719170962,0.5101518799603323,0.5316929318178818,1.7870257486518708,6.355457678373796
10231,Jose Iglesias,-0.9903240905552644,-1.35323226138451,-1.445410220623695,-0.40740332535310375,-1.4921530725244536,0.24599268342812153,-1.161971804957945,-3.620195946921944
10243,Randal Grichuk,-0.42312877612757754,0.16229101922689262,0.30835500931570203,-0.6970494915466358,-0.004894716085771276,-0.19322679064848333,-0.5327756454439916,-1.3706399591383223
10324,Marcell Ozuna,-0.07453721858745155,1.2089318707445655,1.0724758123476812,-0.8080616646087538,0.44009962803369923,0.4559073882451903,0.7854911275672933,2.2001076876748256
10472,Enrique Hernandez,0.1884764880458757,-0.30640581304657255,-0.8462137303154164,-0.8555469832415178,-0.41500507329586367,-0.5726048177276435,-0.1296395813750687,-2.106929364364479
10556,Cesar Hernandez,0.04156141090475366,-1.1919776640637938,-1.218545730998322,-0.521662460887827,0.26117142461606285,-0.3508379261563794,-1.03859092726244,-4.541224723080072
10681,Gio Urshela,-0.8162467382725297,-0.7343868040009488,-0.4009545498988498,-0.896221203682519,-0.7007361672641529,0.9447483788583143,0.07329678535562845,-1.1290279643767516
10762,Corey Dickerson,-0.7600704287635671,-0.4518226627298498,-1.3011767350392158,-0.5673504719170962,-0.9331810479729794,-0.0821314284921928,-0.7417002733567558,-2.9710709523256984
10815,Jurickson Profar,0.04741100001448492,-0.4893326849739609,-0.5679785997855682,0.2925459541760851,-0.9503786936903851,-0.04423021510431105,-0.33565074893927677,-0.14685660092216168
10950,Adam Duvall,-0.21428335578090374,1.5272516979678246,1.122617633609864,-0.6203204085562677,0.963664291772978,-1.0363814548713668,0.021184339609783387,-0.16359583979404424
11200,Kole Calhoun,0.5707557227090162,1.6479204753383239,1.2089492050895965,-0.5673504719170962,0.09777104340795754,-0.9361479297931654,0.6220055456550394,2.4483615036737567
11265,Jonathan Schoop,-0.6765447044245164,-0.5290023161572048,-0.689366245803816,-0.5931954037770806,-0.03559493180665302,-0.7353576066723893,-1.4493900091104353,-4.63726135413879
11281,Whit Merrifield,0.5646257876419589,-0.7284033993009397,-0.24580960188610407,2.225023239067747,-0.9128411434658095,0.24854742173121572,-0.7911898765662145,2.1856347141534727
11342,Jesus Aguilar,-1.364425771065109,-0.25255408665612705,0.09659240485861198,-0.8990138643851907,-0.5081417070968701,-0.18059677457902126,-0.39188088528766574,-2.483737270017632
11368,Yasmani Grandal,-0.49390519846905045,-0.2185178696111638,-0.20981763063538433,-0.8332374917594317,0.6476121588111239,-0.8293958671305437,-0.19983041149776393,-3.432316627914462
11445,Mark Canha,0.23592646086318728,-0.748240996096242,-0.3018980021421322,-0.020797269224033882,-0.05282589881410827,-0.4808640599401779,-0.16912641642221543,-1.4321743841475059
11477,Christian Yelich,1.2941785373147856,0.042043273627034805,-0.7572585652924877,0.6870629879836831,1.6021430401058163,-0.8592530339841775,-0.17813766228512123,-1.373507502742099
11489,Michael A. Taylor,-1.4246190405662107,-1.067734139110527,-1.1458119754695557,0.6009199048958279,0.6313672688119094,-0.806489818057862,-1.7449358841576856,-6.220038221277924
11493,Manny Machado,1.3330499925163892,1.1133750345973623,1.6554785885984251,0.38313147645307594,-0.3416976726037268,1.0229056025565653,1.1725810608778886,7.0222194282034325
11579,Bryce Harper,1.3062221044039415,1.0345454471528042,0.39858854115402764,0.8913713287014884,-0.029864617483036066,0.9560065401752658,2.2554259988408,6.872024577911364
11609,Willson Contreras,0.836920953003533,-0.4518226627298498,-0.3189535410757675,-0.5673504719170962,0.5788820193857281,-0.48245166347702406,-0.2901420551409292,-1.852681460722862
11615,Brandon Drury,0.7584758504039266,0.8221939218706276,0.775546043033005,-0.7828858374580759,0.21756727773927312,0.16697625348848807,0.6239434894092205,2.146682443007918
11737,Nick Castellanos,0.19626097619935287,0.49094761422178373,0.40066089906952707,-0.5603072174642011,0.5557261948655542,0.3104682200719458,0.2758384082558152,0.5581427054886693
11739,J.T. Realmuto,-0.23869830812676093,0.029684735315445198,0.2536223887911179,0.6965602329466589,0.04444655015398764,0.23069586205980622,0.311591744224204,1.2390101050564837
11902,Hanser Alberto,0.5707557227090162,-1.3850418352045937,-0.7554971828373,-0.03557643223242519,-1.2768317450999584,0.5850689631491911,-0.8771677388215038,-0.6206267581376568
12144,Max Kepler,-0.49390519846905045,0.014786923507522174,-0.6463612723969169,-0.03557643223242519,-0.8644509085475837,-0.8827718984618546,-0.31723554823387884,-1.4966125177390204
12147,Nick Ahmed,-0.22773996817453376,-0.9184322489672216,0.008454190245381951,0.23031058760991033,-0.17714951429362563,0.13137269683305053,-0.5972016435276913,-1.1960868716874784
12155,Eddie Rosario,0.0384252621199829,0.948006095982266,1.4272210259703628,-0.03557643223242519,-1.0019111873983753,-0.10881944415784822,-0.028238288575749854,3.2429294065049636
12161,Xander Bogaerts,0.6137815767897583,-0.022117962748589126,0.020415857715459233,0.26119390050491037,-0.2902639847607749,1.3142728061474898,0.7726620336521587,3.2504721968219625
12164,Miguel Sano,-0.3828862106438665,0.7966303452578183,-0.2626537844731094,-0.788374280264423,2.339297258473778,-1.5741857968256052,-0.2855646512842604,-4.836331636707224
12179,Maikel Franco,-1.026235659058084,-0.2185178696111638,0.9906773842088302,-0.5673504719170962,-0.7269906296967921,0.4516288848209155,-0.15467458967618128,0.20251830846401264
12371,Tommy La Stella,0.0384252621199829,-0.9184322489672216,-0.42808945151615063,-0.5673504719170962,-2.5139742547570827,0.5316929318178818,0.21560314926079546,1.3858234255552742
12434,Kevin Pillar,0.4376731075617579,-0.6851274558485357,-0.3189535410757675,0.49619760745224584,-0.5208002114206046,0.7185090414774682,0.02594869761014933,1.1950476685979226
12532,Kolten Wong,-0.6269878136163088,-1.8516514214419655,-1.410312645479599,0.49619760745224584,-1.2768317450999584,0.10468468116739511,-1.084884519200783,-3.096122366019057
12533,Marcus Semien,1.119121170022735,0.7451907894203954,0.39184998587629644,0.9223646642273188,0.2748654050666962,-0.45580907219741995,-0.151826667330723,2.2960254649519065
12546,C.J. Cron,-0.2030837944285769,0.690444241639724,1.1472363077983359,-0.9325517765742399,0.5905880839800669,0.2953288001224498,0.7902258026815263,1.1970114972591523
12552,Eugenio Suarez,-0.2511880605159123,1.0961821281853152,0.6229124910826199,-0.7595343065651147,1.696256246931417,-1.6546102412342032,-0.26107372127863737,-2.903567957257349
12564,Trevor Story,0.9029482222509199,0.2778274298651494,-0.0989499188125347,2.214101598802025,0.734375919572964,0.10578653640192492,0.38242694133652766,3.049764890271048
12856,George Springer,0.8582646551143627,0.8460943328986321,0.27436688398997683,0.004894042659072284,-0.6526431688135774,0.20653702417974415,0.7870051841691212,3.6298052918244865
12861,Anthony Rendon,-0.22773996817453376,0.014786923507522174,0.22672601112614824,-0.8332374917594317,-1.2081016056745626,0.6651330101461573,1.0825949282351823,2.1363650187556074
12916,Francisco Lindor,0.278686760021715,0.02990871414333811,0.29745259950435365,0.5728900546620407,-0.3116088009448328,-0.33996790383914444,-0.28135073868285,0.8692282867542857
12927,Brandon Nimmo,0.9857800719889601,-0.3207942642188987,-0.7964976872488412,-0.6184504715753645,-0.23593690158250763,0.5304336161628143,0.6535397165050516,0.6699478831962293
12979,Javier Baez,-0.3960484104424012,0.067534718415002,-0.09424831329970176,0.3413162855549474,1.512932590643036,-0.7515734380547934,-0.8829514141857427,-3.2289031626557256
12984,Jackie Bradley Jr.,0.17150787726724123,-0.4518226627298498,-0.7554971828373,0.49619760745224584,-0.03968923544283405,0.5850689631491911,0.17044732743921281,0.2555911651835753
13066,Teoscar Hernandez,0.2596066206736569,0.9981283093613318,0.9227314487810976,0.26979611022863287,0.9197210055473962,0.7580333141575267,0.8537957163962412,3.1423705140510902
13145,Josh Bell,-0.43861381263129384,-0.05935333592899042,-0.08215830705003033,-0.9367923197933383,-0.16423972247005444,-0.2689758304941832,-0.180848762711206,-1.8025026461389877
13152,Jorge Polanco,-0.08214701092671162,-0.11049216263927703,-0.01583154591549185,0.24756137454471383,-0.5509904321511541,0.0429497940795946,-0.44112524771805794,0.19190563357592405
13185,Orlando Arcia,-1.159318274205342,-0.9184322489672216,-0.9737690037180664,-0.3014634520747607,-1.1393714662491667,-0.028755397160881973,-0.5520458217061086,-2.794412731583215
13301,Max Muncy,0.41435386926300943,0.6755805750251583,0.16549949227352848,-0.6979157927148621,0.4515143119384022,-1.5522731715294527,-0.019140667960020452,-1.4654100075810412
13369,Erik Gonzalez,-2.223979195383409,-1.3850418352045937,-0.9737690037180664,-0.3014634520747607,0.16650118283335336,-0.9094599141275099,-1.6357855454240913,-7.596000128765784
13419,Christian Walker,0.573766406440522,0.6002738231361425,0.8438725916645641,-0.6751181546875861,0.23419444765723418,-0.1553149091470556,0.24398498806366709,1.1972702978130199
13510,Jose Ramirez,1.5684568790637456,1.3411473592668042,1.9783845084674556,1.7133900847596655,-0.8784876315256276,0.5481105357850575,1.4170687530615826,9.44504575192994
13590,Jesse Winker,-1.4219092723788591,-0.6306147556095104,-0.9636287465184326,-1.009556569906962,-0.48646536343002017,-1.3885679972511673,-0.8723790759538036,-5.800191054188715
13602,Patrick Wisdom,-0.4528492178087321,0.5108777766963123,-0.29865015051347116,-0.10287364011141759,1.9623438232457826,-1.8128073383619827,-0.4294675966063481,-4.548113989951422
13611,Mookie Betts,1.8300220888958507,1.0585370150588103,0.2245061757284363,0.7762922594858973,-0.778822240829611,0.3924946259645063,1.0764578062938948,6.137132212257007
13613,Ketel Marte,-0.9754245420226082,-1.2282527403578334,-1.157978840625169,-0.5051151053509215,-1.221544296512718,0.022835937752285707,-0.4878172929976407,-3.1102082870891685
13621,Jeimer Candelario,-0.2322800432120225,-0.5694463194041998,-0.24411412702843596,-0.7674666848153588,0.19171362935355976,0.6023469329482443,0.33696052202222726,-1.0657133488431054
13624,Corey Seager,0.9853722160986248,1.377834923023729,0.9445111798961137,-0.6184504715753645,-0.641093066276104,0.37809929047359303,0.7343086092030969,4.4427688133958965
13757,Chris Taylor,0.29507811037269804,-0.2624618413288682,0.06938886120920838,0.22665377909564963,0.8903145615628169,-0.0892783623392461,0.12255000416584758,-0.5283840103875275
13769,Adalberto Mondesi,0.3045904924144996,-0.6851274558485357,-0.7554971828373,5.548050984456621,1.4723738319158735,-0.13550745982350365,-0.7687937664497054,2.0353417799962026
14103,Rio Ruiz,-0.7600704287635671,0.014786923507522174,0.3358619215665314,-0.5673504719170962,-0.17714951429362563,-1.0428999924557871,-0.7417002733567558,-2.584222807125527
14128,Joey Gallo,-0.2327531783585557,0.8273373186117667,-0.15815278839389466,-0.29841543147788047,2.4229163484463543,-2.3488679776410786,-0.4556037867426852,-5.089372192448682
14162,Carlos Correa,-3.831764731034119e-4,-0.15142672864794376,-0.025800141413891347,-0.9367923197933383,-0.0455978410054551,0.5975680218168471,0.24838220237803535,-0.2228543011279392
14221,Jorge Soler,-0.4319448691126191,0.35975647225938767,-0.34688332172518427,-0.9675828977136214,0.5698159545702758,-1.625087319213626,-0.5790077257582031,-4.160565615834142
14274,Mitch Haniger,1.801572016657962,1.5017489613553194,1.151107904045512,-0.8555469832415178,1.400758696832331,-0.45566231756253417,0.08897194832483453,1.8314328327472447
14344,Matt Olson,0.5267599362956061,1.3759620208918433,1.573857872527055,-0.6987820938830884,1.065073012123732,-0.7212109607692008,0.44290577449736385,1.4344195374358468
14350,Raimel Tapia,-0.6845716806540876,-1.7451909025502292,-1.323360436972432,1.2834970293538508,-1.186510993912665,0.961583954324479,-0.6975617753933407,-1.019092817979095
14503,Renato Nunez,-0.22773996817453376,0.71470130286358,0.22672601112614824,-0.8332374917594317,1.0599929953634988,-0.13550745982350365,0.18850965616784587,-1.1265409449633939
14551,Anthony Santander,0.21337956970823022,1.3410541638278197,0.8778504424183837,-1.009556569906962,0.09512681840548298,-0.6461491503072414,0.14512026849305365,0.8265719058278007
14566,Franmil Reyes,-0.49390519846905045,0.014786923507522174,0.5541337424472976,-0.8332374917594317,1.4036436924904776,0.3715648378239493,-0.0011447954828002634,-1.791445674422991
14811,Luke Voit,0.0948035774281194,1.6236554327862183,1.1866932894693956,-0.8647293477209754,1.1062974825107665,-0.3580770895572991,0.38579852390385794,0.9618469037985502
14813,Kyle Farmer,-1.1492401338194702,-0.6588423658440301,-0.1906191809697729,-0.649863086889302,-0.7119972193151466,-0.09085197879877938,-0.7511178498154136,-2.778537376821621
14854,Mike Yastrzemski,0.21457725085211518,0.03273916564480401,-0.1309001919087185,-0.42126081022823825,0.44980815567240434,-0.7309132309125209,0.14945055907377328,-1.3361154131511896
14894,Tony Kemp,-0.8162467382725297,-1.3570190943495792,-1.321694144367258,0.2371324585619116,-1.5272092677672364,-0.8229155424367478,-1.4349963605302998,-3.988530153627267
15112,Ryan McMahon,-0.5129256438947795,-0.004701077508649085,-0.03813538662578741,-0.4482713029920975,1.0394128222660814,-0.6934756886804576,-0.3950875311635615,-3.132009453131414
15117,Hunter Dozier,-0.9192427079441464,-0.6860987159635428,-1.4963341313553435,-0.08854636887159671,0.44971730228862195,-1.3903625256970344,-0.9755010412926532,-6.005802793412939
15149,Trey Mancini,-0.6824482336453825,-0.21338316716616745,-0.3745285152288501,-0.9885697338102917,0.5468249614656968,-0.5296015397594687,-0.5393641326790813,-3.8747202837549386
15172,Tim Anderson,1.355239859692985,-0.1719061093471737,-0.8304568913670383,0.7726305851182439,-0.020126557900277196,1.6765829631479612,0.46697663998074673,3.2891936051260027
15223,Adam Frazier,-0.6163768867159485,-1.31927545835389,-1.2892465468179144,-0.05914725544925692,-1.3382522905519267,0.008363148114367855,-1.0693730640847001,-3.0068037727554144
15362,Jeff McNeil,-0.8240089084960258,-1.150606019826305,-0.5748101108405728,-0.6947262983843108,-1.7306513840435749,1.863283098053905,0.6341998924450968,0.9839830369953625
15429,Kris Bryant,0.3125607594775746,0.16942439074339904,-0.19708419914811462,0.15277624700741385,0.35438635472455776,0.012107683097902958,0.4654695828079999,0.5608681092616179
15464,Hunter Renfroe,-0.12849665911838684,0.8331933027767154,0.4798193941260421,-0.8758840934620185,0.13251238634625445,-0.1688136455755189,0.3934164871982826,0.4007223995988614
15487,Victor Reyes,-0.09465735302727543,-1.1517370420859077,-1.6285844663603652,1.2938586669792524,-0.24587965371902143,0.4249408691552601,-0.8049184239069715,-1.7152180955269856
15491,J.P. Crawford,-0.08507803095847961,-1.4774566774829359,-1.0697800935213682,-0.17964699941212078,-0.713553646561102,-0.12611014677127855,-1.0379509738360033,-3.2624692754210836
15518,Amed Rosario,0.22604556751411153,-1.0524155403261735,-0.5194510024712552,0.7596820062783687,-0.1744164734250675,0.7744118363533492,-0.6733963286467483,-0.3107069878732799
15640,Aaron Judge,2.0216053369590825,2.926096264267427,2.038742325919401,0.2542209394015633,1.3898446865407739,1.3668098177868915,2.8201989758461177,10.037828973639707
15653,Dominic Smith,-0.49390519846905045,0.24809171662620813,1.4272210259703628,-0.8332374917594317,-0.24587965371902143,1.4657734801158198,1.7870257486518708,3.846848934854801
15672,Austin Meadows,-0.1217341905333717,0.35975647225938767,1.4507061491996514,-0.5194392398252072,-0.04569718784606138,-1.1962981519415585,-0.29967077114166013,-0.28098254413669715
15676,Jose Abreu,0.8617735823157728,0.8220822473365601,1.8511188864222998,-0.8994470149693038,0.348246450110575,0.9883688380921126,0.9684492935006088,4.244099382587475
15679,Rowdy Tellez,-0.4528492178087321,1.5485982606106965,0.8778504424183837,-0.7828858374580759,0.06451670357203546,-1.3885679972511673,0.07329678535562845,-0.18907426770530236
15711,Tyler O'Neill,0.4986871666251231,1.025918757565348,0.15244708686504785,0.7129558193679315,1.369983039711514,0.8307051842536658,1.4006411265242527,3.2513721014898542
15986,Willy Adames,0.014217468873930161,0.36147219605905934,0.16492492270251874,-0.2705801391797607,1.396647138318781,-0.2923779790175959,0.12067990025666768,-1.2983107686239619
15998,Cody Bellinger,0.01672001741883314,0.3014733946056309,-0.03937782522116368,0.6696115922649111,0.2500699808734026,-1.1479756146119624,-0.6673552977006223,-1.1169737141177758
16219,J.D. Davis,-0.6269878136163088,-0.6851274558485357,-1.0829049141584495,-0.8332374917594317,0.5101518799603323,-0.3756996008144024,-0.3082043838695623,-4.422313540027023
16252,Trea Turner,1.75217116566402,0.42180446633717356,0.9204192396186415,2.3418238099650956,-0.3029460433123122,1.9483623209078331,1.2174133831676395,8.904940428972717
16376,Michael Conforto,1.236168798445308,0.014786923507522174,0.22672601112614824,-0.03557643223242519,0.5788820193857281,1.6259015741097524,1.1909689006069808,3.6800937561775577
16426,Thairo Estrada,-0.21058420416620036,-0.6306147556095104,-0.5032589492842285,1.3704861208063421,-0.9150069710982857,0.06091641821078423,-0.4653793381750607,0.5365722628804119
16472,Rhys Hoskins,0.39507832994012904,1.0297380186535043,0.3663284454914903,-0.7828858374580759,1.533802215577517,-0.4340294797518337,0.39650245947404195,-0.5630702792282609
16478,Kyle Schwarber,0.7255898958574397,1.5857436513307066,0.29819303946264836,-0.22177668978981382,1.8400845248143405,-1.6871069003825696,-0.029271314499337453,-1.168712842835267
16505,Matt Chapman,0.07315405168231265,0.5390891728692884,-0.017072696796857786,-0.7071804958776934,1.990383856115126,-1.5834366831272937,-0.5131022750407196,-4.198932782406089
16512,Isiah Kiner-Falefa,-0.4353943078845921,-1.500591792290331,-1.4934209564774519,1.3502718485794956,-1.2017562017427539,0.28242243207234446,-1.2765439313018978,-1.8715005055596785
16556,Ozzie Albies,1.3672770666470158,0.6452545945333706,1.4507061491996514,1.2731353917284491,0.13895675487883977,-0.2217773172323156,0.02824652340819474,4.403885653405526
16578,Yandy Diaz,-0.6935173509345065,-1.0610215479596177,-0.7027507573134995,-0.7625487272375753,-1.4935484012922746,0.4974573120729018,0.03365319227650598,-1.1951794778035163
16622,Luis Urias,-0.24581846196507065,-0.02090769077258958,-0.0972181174300682,-0.40740332535310375,-0.23035113057096251,-0.6115856511160132,-0.09320432642508483,-1.2457864424909677
16909,Colin Moran,-0.3608225833217921,0.24809171662620813,-0.6463612723969169,-0.8332374917594317,0.23523132225874915,-0.3756996008144024,0.016917533245832797,-2.186343020679251
16939,Lane Thomas,-0.7556804848618968,-0.31929861043519514,-1.014780946211122,-0.10287364011141759,0.40122796673995836,-0.6107958718813401,-0.6688792070644322,-3.873536727305362
16997,Gleyber Torres,-1.0052039118189706,-0.4730632665398181,-0.5413696258166015,0.3623584986166482,-0.1451306968905745,-0.13346036714961762,-0.6045394213365268,-2.2501473971543122
17027,Alex Verdugo,0.3907213927472932,-0.8665421516616314,-0.7017652388767618,-0.3204260089845363,-0.6995270807683165,0.9892996753127205,-0.047745540267443404,0.14306920903795717
17128,Ramon Laureano,-0.49390519846905045,-0.6851274558485357,-0.42808945151615063,-0.3014634520747607,0.6476121588111239,-1.2830921334466858,-0.8229807526356046,-4.662270602801912
17232,Yoan Moncada,-0.39638372621720563,-0.7812647567215371,-0.6667530257064636,-0.7323563230283713,1.320642461074597,-0.5143449645688287,-0.4657220423315144,-4.877467299648518
17273,Jorge Mateo,-0.6951142314512638,-0.7343868040009488,-1.1170853455965006,2.957181247948545,0.8603796892416714,-1.3178614403993647,-1.3751434579157789,-3.142789720656983
17350,Rafael Devers,0.6638259208848619,0.8688004346071362,1.3877642047830847,-0.6367304294487228,0.5723403083562272,0.6358097211628304,0.8427479788668341,3.189877522499797
1744,Miguel Cabrera,-1.2029314905232487,-0.267072150105168,0.2830257677288063,-0.7674666848153588,-0.0011493167479877248,-0.31717768560743054,-0.8028218271461276,-3.07329475372054
17484,Eloy Jimenez,-0.6269878136163088,1.181310889100952,1.3180851155299798,-0.8332374917594317,0.5101518799603323,0.9320131668027115,0.8658469834915857,2.3268789695891563
17548,Taylor Ward,-0.08945169734493448,0.3033336799134354,-0.3498023502061605,-0.44287973878474673,0.03390658873858792,0.8033352651547112,0.8633550998673045,1.0539836698610217
17620,Myles Straw,0.0812714043610036,-1.956242949132065,-1.7416175803443017,1.8819903286279134,-0.5263500228660295,-0.5359343784856216,-1.7897141453342542,-3.5338972974412957
17678,Alex Bregman,1.1218733708677242,0.3033336799134354,1.0824592411891412,-0.896221203682519,-1.282328349099656,0.02556313978488295,0.7077375530695499,3.6270741302418705
17696,Kevin Newman,-1.9209561262930066,-1.7338964244164872,-1.8948075883549038,-0.2953674108810002,-2.5385254146322267,-1.5081448190485165,-2.7043975978405945,-7.519044552202281
17901,Andrew Benintendi,-1.177309437066962,-1.0782335632265059,-0.631508672525963,-0.08708461102410539,-1.0487084824830695,1.0286787596602045,-0.11969579653573921,-1.0164448382360014
17907,Brendan Rodgers,-0.15001795075556743,-0.7343868040009488,-0.4521067495915392,-1.009556569906962,-0.5476855930969152,0.2730360887661919,-0.3337029524231145,-1.8590493448150247
17919,Ian Happ,-0.5861105037371938,0.18827569439059463,-0.2130113859045378,-0.1720494710895868,0.9711793097027938,-0.38015792221500366,0.13303524705612674,-2.0011976512023946
17929,Cedric Mullins II,0.7511898976410072,0.11109196785336856,-0.6485506605366447,2.618670209086793,0.13209853062783117,0.5079096062772481,0.25517915919656853,3.4633916488905094
17982,Ty France,-0.1617315504341364,-0.2523601799117205,0.18692652255706654,-0.9885697338102917,-0.6500320493550895,0.7907358336844584,0.17768428109537132,0.40271722253583714
17992,David Fletcher,-0.1967598034963181,-1.702218190947532,-1.3436920430407753,0.2057461836465854,-1.787135185781822,0.7205013550227899,-1.0341956639688765,-1.5634829770023044
18036,Jake Cronenworth,0.33365071180087374,-0.5607584749365604,-0.14800701395284435,-0.40818871443042176,-0.6455773696352162,0.0026770274112106565,-0.033670202716981394,-0.1687192971895073
18171,Seth Brown,-1.1796442587363274,0.5108777766963123,0.05941524733535424,0.2371324585619116,0.8297695744082239,-0.9996819345662532,-0.14217366405664722,-2.3438439491738734
18289,Brian Anderson,-0.49390519846905045,0.4813965097448941,0.9906773842088302,-0.8332374917594317,1.1974532742142903,-0.16219547548915905,0.1343226699819477,-1.0803948759962594
18314,Dansby Swanson,1.245135633284311,0.3729086551939694,0.8170323022973744,0.5224726540401897,1.6040150207814339,0.11874416303500564,-0.04636275842073272,1.4259156286486832
18345,Kyle Tucker,0.07348021352610848,0.563259845564799,1.3258182133434937,1.2395353858597316,-0.6463380040344756,0.4273857208193552,0.8012070820180288,5.077024465165993
18360,Austin Riley,0.22326433492727396,0.8573830843270671,0.7910936002041438,-0.861235408977043,0.9674053481460485,0.474894887821269,0.6393447932972829,1.1573399434539453
18363,Victor Robles,-1.4254835044998588,-1.3850418352045937,-1.5194485559199822,0.23031058760991033,0.30396146168414495,-1.0962760237870979,-1.6899725316099905,-7.189873325095758
18373,Ryan Mountcastle,-0.5007494734134837,0.5651571741646753,0.6375430491219416,-0.5378271724171986,1.1146019664708,-0.3351585084170116,-0.1948870030282602,-1.4805239004601374
18401,Ronald Acuna Jr.,0.9120401425813289,0.32723409094144007,-0.5543155776755594,1.7855138587905695,0.5013198577005943,-0.011299732525622108,0.8851119031264437,2.8429648275380064
18564,Trent Grisham,-0.24470136772775544,-0.28448097021517704,-0.6763099787305233,0.6994358969172625,0.6247262899656669,-1.2597772550480313,-0.7288694059095676,-3.1194293706794594
18568,Luis Arraez,0.8190421038145596,-1.2532470459581408,-1.16823754528919,-0.5562151050091898,-2.323072253436872,2.0407000100612542,0.4084730399969461,2.6135877110531114
18577,Ke'Bryan Hayes,-1.1796442587363274,-1.3570190943495792,-1.5774551428307046,1.2571507545818992,0.09512681840548298,-0.5047360366036363,-1.219525911118024,-4.676356507461856
18607,Jared Walsh,-0.6801134119760169,0.5500885537753764,1.0512418223274658,-0.7435110687694143,0.8775725257784444,0.47987768375834006,0.6476458575579193,0.42765691089522595
18882,Brandon Lowe,0.8494312951040968,1.3415299252281359,0.9913581684774679,-0.10945396432066094,0.9934097707009105,-0.23905528703136797,0.9485790274703407,2.788979394227102
19197,Will Smith,-0.3922829643980992,0.40710572830487385,0.775546043033005,-0.896221203682519,-0.7007361672641529,0.06091641821078423,0.5521200062717966,1.2079201950039944
19198,Yuli Gurriel,-0.5560825372322058,-0.9068701728810735,-0.5055819338772205,-0.5972193717041223,-1.531791214726588,0.25520341893839876,-0.6675072243874771,-1.4462666064171124
19238,Lourdes Gurriel Jr.,-0.7686365405123025,0.13507836872815795,0.39858854115402764,-0.4455617077369715,-0.3504497828526163,0.8465831025802735,0.3213909189271701,0.8378924659929715
19251,Pete Alonso,0.4279270735691001,1.6755986192485144,1.5136740470967966,-0.5472351216663845,0.41359039408383413,-0.15258006254546544,0.765789593855067,3.2695837554737937
19252,Cavan Biggio,1.3692514135925662,-0.2185178696111638,-0.1006817201950012,0.7620846272945814,0.8538025770873113,-0.2956355538174361,0.1072291768889981,0.7699274970652331
19287,Adolis Garcia,0.28661182092474446,0.7294212543852769,1.071727167092968,1.3244096597720747,2.0662469740492675,-0.5690435087472302,-0.36727400301057234,0.40960541636799386
19290,Randy Arozarena,0.3294399472244015,-0.1571941391537262,0.24051703991708812,1.9451552705018325,1.2837025383479235,0.2649557185408594,0.18384407581724718,1.5230153744997788
19294,Nick Solak,-0.9902831873755553,-1.3906234040959005,-1.0209192260807942,0.4223200753640101,-0.4797010583267616,-0.3498513783351201,-1.2872315106079317,-4.13688757280453
19326,Bryan Reynolds,-0.05839425945220202,0.11361918691158134,-0.31146212266246603,-0.3969876012020202,0.3725256201394008,-0.11252767196408213,0.15984551530988514,-0.9784325731987048
19339,Nicky Lopez,-1.137336453242686,-1.935522984066218,-1.7163979008597796,0.3319848644566122,-1.0218644705329376,-0.1134557348718539,-1.417725443343279,-4.966589181394267
19352,Sean Murphy,-0.4528492178087321,-0.2155265620437567,-0.29865015051347116,-0.896221203682519,0.15634704807237806,-0.2926163660482286,-0.02246785882760518,-2.3346784069966904
19363,Austin Hays,-0.5037012380239168,-0.2695721951786087,-0.45125681476788415,-0.6511625386416415,-0.32854307246020575,-0.3156680917228267,-0.41869855291770863,-2.281516358792381
19470,Tommy Edman,0.5460124491904261,-0.9385730776122306,-0.707973127524984,1.5697354112166464,-0.3859712034377968,-0.05426252018145059,-0.8862942623406262,-0.08538392381442217
19508,Kyle Lewis,0.836920953003533,0.4813965097448941,-0.1006817201950012,0.49619760745224584,1.5411039713412693,0.02462063417042886,0.05304219070309892,0.25039220353793024
19556,Yordan Alvarez,0.9639097257308308,1.3434475371004635,1.3189540537207516,-0.8758840934620185,0.13375395350152436,1.0835224547802906,2.032723114617629,5.732918838986422
19566,Nathaniel Lowe,-0.19939408866553557,0.11084198945831394,-0.017072696796857786,-0.42709070969743457,1.022854393114142,0.7594404809040847,0.38350484657729605,-0.4126245713342753
19611,Vladimir Guerrero Jr.,1.328655833053863,1.2034374557070573,1.1441457418205268,-0.396554450617907,-0.410176524529286,0.7952363231022469,1.0467419047024809,5.531839332297554
19612,Bo Bichette,1.7423881867893822,0.4785971410401251,1.1667166134763498,1.1485590775498822,0.7605991384377215,1.209994977950962,0.4363605457909898,5.42201740415997
19709,Fernando Tatis Jr.,1.8430517368507546,1.8342361760431563,1.3779687693799774,1.962417345297613,0.8810753799932862,0.5498613599277233,1.7235310123620293,8.409991019867968
19734,Josh Rojas,-0.6277855094556157,-1.156187588717612,-1.2276572657500762,0.8189485928952693,-0.11178913431553322,0.17611138687671446,-0.40222597004695426,-2.3070072198827414
19755,Shohei Ohtani,1.1537258386414206,1.8063687294402688,1.1679357723100159,1.091241668561491,1.6525965680793024,0.11038502686922289,1.7052250562349571,5.382285523978074
19858,Luis Rengifo,-1.7853067928426567,-0.31929861043519514,-1.014780946211122,-0.32954437256030367,-1.221108119432761,0.20232953191438935,-0.44143817712925226,-2.4669312478313796
19892,Pavin Smith,-0.8041976834077159,-1.1629001798685215,-1.3954771797646717,-0.8555469832415178,-0.538107701779131,0.09006934987464248,-0.7854741704747784,-4.375419145103431
19918,Daulton Varsho,0.2739458231188631,0.7184218734791891,0.11056744702804358,0.8038092896841269,0.7991594595747763,-0.8229155424367478,-0.19005598614826402,0.09461344515043446
19950,Andres Gimenez,-0.513415471219365,-0.31929861043519514,-0.14519355143540313,1.2571507545818992,-0.21097432992899237,1.3689877199691296,0.9112374219589213,2.7704425933489794
20003,Keston Hiura,-0.09465735302727543,0.948006095982266,0.3358619215665314,-0.03557643223242519,2.5033259232968104,-1.3097801491123413,-0.7958872595426549,-3.4553590996627097
20043,Luis Robert,0.3045904924144996,0.4813965097448941,0.22672601112614824,1.559745686821588,1.6785642501920608,-0.7493318201335775,-0.5159211642488425,-0.3713585344673509
20078,Evan White,-1.5585661196471172,-0.2185178696111638,-0.3189535410757675,-0.5673504719170962,2.4345957838714147,-2.2705487130759354,-1.7712530108888394,-9.139785510087336
20123,Juan Soto,1.3628579021798617,0.7388388410789438,0.42657507474487155,0.15776019575652936,-1.0177398118548844,1.2358663735659894,2.360346512333272,7.299984711514353
20126,Dylan Carlson,-0.1217341905333717,-0.4967378945625612,-0.5965485260203003,-0.7435110687694143,0.8775725257784444,0.05108851648627272,-0.20251009127503644,-2.987525780452856
20454,Jazz Chisholm Jr.,-0.6801134119760169,-0.4967378945625612,-1.1957450163285788,1.6092431351447596,0.6621429259327263,-0.6505664845043829,-0.8340545104080902,-2.9101171085675963
2136,David Peralta,-1.5226136479645886,-1.183415275554863,-0.07114043264552455,-0.6554307703432553,-0.6074232775947943,0.40849395611650874,-0.5169424609529271,-2.9336253537498562
21479,Nico Hoerner,-0.8768129916831626,-1.045702949175264,-0.861324347133054,1.2571507545818992,-1.8945306457686069,0.8033352651547112,-0.29779121085440186,0.8733851666593349
21523,Jonathan India,1.0570663880677684,-0.2112397722885782,-0.3968163625842075,0.3768480759516209,0.5390402974494589,0.168031016651382,0.4654695828079999,0.9203186311565267
21618,Alec Bohm,0.2739458231188631,-0.7343868040009488,0.0082630476426649,-0.7828858374580759,-0.27219455959588745,0.7679819867288099,-0.5731145628811986,-0.7680017872539979
21636,Jeremy Pena,-0.15001795075556743,0.199561631521997,-0.4521067495915392,0.2371324585619116,0.4930583112403009,-0.18655653077052475,-0.5491734018353901,-1.3942188541094138
22197,MJ Melendez,-1.0585117519150615,-0.2155265620437567,-0.5032589492842285,-0.7828858374580759,0.3706178519065108,-1.45927455410297,-0.6569086265415279,-5.046984133252131
22581,Alejandro Kirk,-0.9373792450937957,-0.6306147556095104,-0.4521067495915392,-1.009556569906962,-1.8639205309351592,0.9447483788583143,0.3007378152908083,0.0797494048824745
23697,Julio Rodriguez,0.5767770901720278,0.8221939218706276,0.16171964672073294,1.8238275857041144,0.7991594595747763,0.909395100432413,1.1027667103253886,4.597520595650528
2396,Carlos Santana,-0.6173172887486277,-0.24394807902268295,-0.2949298701893499,-0.8621017101452694,-0.6633891162546482,-1.8740709676554343,-1.1175178725312547,-4.346496672037971
2434,Nelson Cruz,-0.43320640796945475,0.4792680674041397,0.1653628713757506,-0.6736425836886442,0.2427713577844901,0.0908893795658514,0.29724611894810415,-0.31685391214874314
24610,Steven Kwan,0.8796083572251925,-1.4607911427410178,-1.014780946211122,1.143815388357456,-1.802700301268264,1.404340998395031,0.13314968797014945,2.8880426442639533
25764,Bobby Witt Jr.,0.45564458335076197,-0.00798246526087985,0.41748064518417966,2.3905044168263294,0.4930583112403009,-0.15120325234462345,-0.4653793381750607,2.1460062783404057
26197,Andrew Vaughn,-0.8768129916831626,-0.31929861043519514,0.21287184641342227,-1.009556569906962,-0.7007361672641529,0.44980248089569835,-0.13020308353374302,-0.9724607609857893
27506,Ha-seong Kim,-0.9979454985044286,-0.9419309007838257,-0.6567155483622965,0.35046782478635463,-0.5782957079303628,-0.2572630876223273,-0.6329674654957196,-2.5580589680518804
2967,Tommy Pham,0.2238317440562867,-0.5507673136358696,-0.9237919646781054,0.24902313239220517,0.805769370394731,-1.089382291447127,-0.8894775436705065,-3.786333607377847
3473,Anthony Rizzo,-0.3227205007157267,0.5342016312168971,-0.3905954682307313,-0.2201627385579097,-0.7991738032894529,-0.968422694027277,0.04778653504010774,-0.520739431985187
3516,Eric Hosmer,-1.734829719145458,-1.067734139110527,-0.5965485260203003,-0.40740332535310375,-0.7535373016248491,0.168031016651382,-0.7854741704747784,-3.6704215618279363
3892,Josh Reddick,-1.159318274205342,-1.1517370420859077,-0.6463612723969169,-0.5673504719170962,-0.4520700719952088,-0.4290756321457132,-0.9223235606430864,-4.424096181398854
4106,Michael Brantley,-0.8486753636592708,-1.183415275554863,-1.1254202221600091,-0.5785052176581392,-1.791754776566587,1.4219956242141214,0.21675206215981868,-0.3055136160917553
4314,Joey Votto,-0.16123956378061366,0.8488236744131152,0.1728388401745944,-0.8443922375004748,-0.13757941740589508,-0.4425297066534464,0.8802121812147802,0.5912926052738501
4418,Jed Lowrie,-1.610745447713759,-0.8774020575945384,-0.3968163625842075,-0.9675828977136214,-0.47655638753749735,-0.7675089846694922,-0.9676504452246978,-5.111149807962819
4949,Giancarlo Stanton,-1.0523662262711138,1.1210847983233423,1.0013087814684425,-0.9675828977136214,1.0314508113825287,0.323954350204861,0.8905475572244783,0.2854955518538602
4962,Asdrubal Cabrera,-1.026235659058084,-0.2185178696111638,0.22672601112614824,-0.8332374917594317,-0.5895303508460005,-0.5091396791426794,-0.3804536987840946,-2.151328036383305
5038,Josh Donaldson,-0.7156831249611321,-0.13112613785833926,-0.3751380946456832,-0.8752343675858487,0.2995436796312613,-0.9860277399331081,-0.28794682807492566,-3.6706999726902985
5235,Justin Turner,-0.2208219215395528,-0.18731516587078056,0.48530560887753965,-0.6505128127654718,-0.8496599649219758,0.6080669735118586,0.37685665209731634,1.2612392992328851
5254,Robbie Grossman,-0.2947953140744052,-0.11971278019187669,-0.5715218583495854,1.2834970293538508,0.12145443372205139,-0.7686108399040229,-0.01042473566532448,-0.6030229325534152
5297,Aaron Hicks,-0.3608225833217921,-0.6851274558485357,-0.8646330932776832,0.23031058760991033,-0.7269906296967921,-0.9628359454588208,-0.019207124211433325,-1.9353249848115628
5343,Brandon Crawford,-0.37436100207484024,-0.07212975981287953,0.2755478876301394,-0.15126915521878942,-0.33865136688408887,0.5814838625452996,0.5829681966159637,1.1808913965689825
5361,Freddie Freeman,2.5658447972015073,0.5947387714680632,1.4568289630982205,0.030348052333081268,-0.6067094306813232,1.956096746447471,1.9528656251558465,9.163432386385512
5417,Jose Altuve,1.3783035829700678,0.21472743606492362,-0.5496048543014634,0.10720441490171619,-0.8780767498759869,0.2903140109802634,0.31016600955494755,2.6291873500464416
5497,Marwin Gonzalez,-2.0908965802361505,-0.9184322489672216,-0.7554971828373,-0.8332374917594317,-0.5208002114206046,-1.3364681647779966,-1.7080348603386235,-7.121766317496119
5760,Avisail Garcia,-1.1148405939537873,-0.5341290372739517,-0.5337016119503976,-0.3193230269269447,-0.023715970492158248,-0.36036327943625374,-0.4730449204858835,-3.31168649953506
5827,Wilmer Flores,-0.12233765189142143,0.3014733946056309,0.14648638475825349,-0.7884535209120291,-0.6754581359888019,-0.42514324241389656,-0.14704017359081692,-0.3595566734554778
5933,Jean Segura,-0.33434159050135615,-0.664612360162194,-0.6870846317748067,-0.1303615597697252,-0.8228528774405122,0.5590006073200977,-0.19494241014837735,-0.6294890675958498
6012,Didi Gregorius,0.4376731075617579,0.24809171662620813,1.2089492050895965,-0.03557643223242519,-1.41429202395075,0.6117569788148466,0.2878524641753277,4.173039063986062
6153,Eduardo Escobar,-0.8010274115582804,-0.23493233144313516,-0.15572835323272985,-0.810818008355192,-0.06518282092847218,-0.8038638723273723,-0.7547342073871509,-3.4959213633753885
6184,J.D. Martinez,-0.1274192125152354,-0.13999026951303375,0.129366094422292,-0.8481633131792266,0.7771743231160355,0.034491788993460726,0.05433458075923975,-1.6745546541485388
7304,Salvador Perez,0.4366450309092736,2.3582433281772683,2.1997017620849997,-0.8555469832415178,1.4315343539531478,0.323954350204861,0.7569516224078708,3.7884147565896082
7802,Miguel Rojas,-1.689908767599517,-1.407011702062764,-1.6393131809589232,0.24967285826837496,-1.6475094580400436,-0.38772729045647175,-1.4410840222564305,-4.6678626470256885
7859,Charlie Blackmon,-0.3820827757480333,-0.6935887376759007,0.5983260923053884,-0.49638457046042045,-0.5390523420550454,0.5093902194721468,-0.2289446581951112,-0.15423208824688495
8202,Josh Harrison,-1.4246190405662107,-1.4483983021425042,-0.8462137303154164,0.040740332535310335,-1.4921530725244536,0.5578393505350796,-0.6761684056248268,-2.304666723054114
8623,Donovan Solano,-1.159318274205342,-1.3850418352045937,0.008454190245381951,-0.8332374917594317,-0.6582604902713962,1.732653636772374,0.29688362853964423,-0.681345655340571
8709,Elvis Andrus,-0.9069751201769384,-1.1217635581838357,-1.3512707090639682,0.7036640490423169,-1.0653378781987477,-0.5867201479601808,-1.43176612226305,-3.6294937304069084
9218,Paul Goldschmidt,1.0842982860857004,0.5346304800178419,0.8147831347790374,-0.13557046743377865,0.22618035983884927,1.4547074773252446,1.4761506693028696,5.002819220238066
9241,Starling Marte,0.431590855789454,-0.7253107512618988,-0.585934438279152,2.38473927042406,-0.6481545218253864,1.163386481744015,0.3157767526831262,3.6324026929249906
9256,A.J. Pollock,-0.45545204564990255,0.5086528598644067,-0.12801920249653348,-0.4855069616541968,-0.44269779565813966,-0.03556495234406515,-0.09031889988285563,-0.2435114065050073
9368,Evan Longoria,-0.6269878136163088,-0.4518226627298498,-0.1006817201950012,-0.8332374917594317,-0.6582604902713962,-0.18888349115481448,-0.660419794077907,-2.2037724832619165
9774,Christian Vazquez,-1.159318274205342,-0.4518226627298498,-0.6463612723969169,0.23031058760991033,-0.383339932569813,0.5850689631491911,0.05304219070309892,-1.0057405353000952
9777,Nolan Arenado,-0.3711124251682304,0.6123796355358961,0.8919336017936317,-0.673209433104531,-1.4151254452027033,0.2114341495530867,0.38904493640724136,2.4755959102197975
9785,Kyle Seager,0.03838435894027384,0.5679358609154322,1.204995074997066,-0.0676387734225325,0.04195605652101242,-1.294852090647014,-0.479571440678873,-0.07270306641665997
9847,Andrew McCutchen,-0.17522797340044832,0.09618319281680023,0.18712909262564745,-0.05597682112750249,0.1262390653305504,-0.8772828816691369,-0.4332871374158247,-1.3847015935010152
9874,DJ LeMahieu,0.5096141525680468,-0.6160444521308982,-0.8425082092983761,-0.3704102590222741,-1.4229358750859318,0.9907060373223253,0.19577779339489723,1.2900709379196527
